<?xml version='1.0' encoding='UTF-8'?>  
<!DOCTYPE hibernate-configuration PUBLIC  
          "-//Hibernate/Hibernate Configuration DTD 3.0//EN"  
          "http://hibernate.sourceforge.net/hibernate-configuration-3.0.dtd">  
  
<hibernate-configuration>      
  
    <session-factory>  
        <property name="hbm2ddl.auto">update</property>  
        <property name="show_sql">true</property>
 <property name="dialect">org.hibernate.dialect.MySQLDialect</property>  
 <property name="connection.url">
 jdbc:mysql://localhost:3306/CacheTable</property>  
 <property name="connection.username">root</property>  
 <property name="connection.password">root123</property>  
 <property name="connection.driver_class">
 com.mysql.cj.jdbc.Driver</property>  
 
 <property name="hibernate.cache.use_second_level_cache">true</property>
<property name="hibernate.cache.region.factory_class">org.hibernate.cache.ehcache.EhCacheRegionFactory</property> 
<property name="hibernate.cache.use_query_cache">true</property>
 
 <mapping class="com.kaviya.second_level_cache.Employee"/>
 
 
   
    </session-factory>  
    
</hibernate-configuration>